location_id,recent_zone_demand_snapshot
20,12
69,21
186,43
53,16
113,31
151,20
176,1
188,58
203,3
232,20
231,68
241,20
243,53
250,12
46,1
66,15
102,14
140,30
153,4
169,15
240,3
37,150
96,1
168,39
205,15
224,11
237,33
253,1
55,10
67,10
91,28
110,1
118,2
122,2
155,9
6,2
58,2
73,1
94,15
147,16
164,56
201,1
12,1
36,134
68,61
98,5
116,33
142,30
146,14
215,9
4,35
23,2
33,16
51,9
120,1
136,24
206,7
234,62
25,22
95,26
100,31
123,13
133,10
219,4
233,19
263,45
27,1
48,61
90,47
112,100
222,2
248,7
256,89
29,8
47,19
156,3
181,65
10,13
18,27
34,1
49,41
93,2
131,5
137,40
158,46
208,18
230,50
242,16
50,81
74,22
173,8
200,11
207,1
70,11
108,8
159,25
170,48
174,19
5,1
9,5
17,89
79,158
114,42
115,4
162,33
177,26
198,75
213,17
35,31
54,2
62,32
64,3
85,13
165,11
189,25
194,1
229,36
235,21
223,36
262,18
24,8
40,20
43,6
45,8
56,12
72,15
111,1
171,11
193,7
196,12
7,67
57,1
77,15
80,128
84,2
86,4
144,59
187,2
211,20
261,10
107,59
130,54
139,3
150,6
167,19
192,2
246,47
255,132
15,5
22,7
52,7
81,5
92,24
132,94
166,31
180,6
183,2
249,38
238,30
244,46
254,23
259,20
3,6
38,7
41,40
76,50
82,34
89,39
105,1
109,2
152,15
178,3
185,10
210,10
218,5
126,17
138,69
161,57
197,17
202,5
258,15
78,19
121,10
214,1
260,23
106,19
141,30
157,44
221,9
226,23
227,13
21,12
87,43
99,1
148,131
245,5
247,20
252,3
8,1
13,12
19,5
59,1
61,103
119,16
127,28
149,13
175,4
209,12
216,19
71,14
88,21
101,3
129,54
228,23
2,1
28,10
39,23
60,5
63,16
117,6
145,73
191,5
199,1
212,11
42,58
124,3
125,22
128,6
190,2
195,10
217,13
239,34
251,3
14,24
30,2
44,3
65,21
75,25
135,9
143,15
154,2
160,10
172,1
184,1
225,83
257,12
31,6
32,14
97,56
163,26
179,16
204,2
11,6
16,16
26,16
83,16
134,10
182,10
220,10
236,31
